dataset,bands,height,width,samples,D,entropy,limit,ratio,bpppb,max_err,psnr_db,mssim,sam_rad,enc_s,dec_s
botswana,145,1476,256,54789120,16,sample_adaptive,0,2.4789,6.4545,0,inf,1.0,0.0,16.52,8.84
botswana,145,1476,256,54789120,16,sample_adaptive,2,3.845,4.1612,2,90.083,0.999999,0.000664,10.79,9.44
botswana,145,1476,256,54789120,16,sample_adaptive,4,4.7521,3.3669,4,84.855,0.999996,0.001212,10.17,8.8
botswana,145,1476,256,54789120,16,sample_adaptive,8,6.138,2.6067,8,79.332,0.999987,0.002289,9.76,8.52
botswana,145,1476,256,54789120,16,sample_adaptive,16,8.1547,1.9621,16,73.851,0.999952,0.004298,9.76,8.38
botswana,145,1476,256,54789120,16,sample_adaptive,32,10.8778,1.4709,32,68.571,0.999828,0.007883,9.86,8.13
botswana,145,1476,256,54789120,16,sample_adaptive,64,13.3341,1.1999,64,63.294,0.999347,0.014425,9.91,7.91
botswana,145,1476,256,54789120,16,hybrid,0,2.4759,6.4624,0,inf,1.0,0.0,14.59,12.77
botswana,145,1476,256,54789120,16,hybrid,2,3.8787,4.1251,2,90.083,0.999999,0.000664,12.81,11.56
botswana,145,1476,256,54789120,16,hybrid,4,4.83,3.3126,4,84.855,0.999996,0.001212,12.96,10.69
botswana,145,1476,256,54789120,16,hybrid,8,6.4713,2.4725,8,79.332,0.999987,0.002289,12.19,10.58
botswana,145,1476,256,54789120,16,hybrid,16,9.5144,1.6817,16,73.851,0.999952,0.004298,12.74,11.35
botswana,145,1476,256,54789120,16,hybrid,32,15.4966,1.0325,32,68.571,0.999828,0.007883,12.97,10.48
botswana,145,1476,256,54789120,16,hybrid,64,27.4637,0.5826,64,63.294,0.999347,0.014425,11.78,9.64
botswana,145,1476,256,54789120,16,block_adaptive,0,2.4636,6.4944,0,inf,1.0,0.0,19.56,10.92
botswana,145,1476,256,54789120,16,block_adaptive,2,3.8055,4.2045,2,90.083,0.999999,0.000664,12.57,10.37
botswana,145,1476,256,54789120,16,block_adaptive,4,4.6906,3.4111,4,84.855,0.999996,0.001212,11.87,9.67
botswana,145,1476,256,54789120,16,block_adaptive,8,6.0943,2.6254,8,79.332,0.999987,0.002289,10.9,8.88
botswana,145,1476,256,54789120,16,block_adaptive,16,8.4527,1.8929,2171,57.147,0.994197,0.015264,10.93,9.11
botswana,145,1476,256,54789120,16,block_adaptive,32,12.7421,1.2557,32,68.571,0.999828,0.007883,10.69,8.86
botswana,145,1476,256,54789120,16,block_adaptive,64,20.0844,0.7966,64,63.294,0.999347,0.014425,10.93,8.58
cuprite_Cuprite_S1_F224,224,250,190,10640000,16,sample_adaptive,0,1.9294,8.2926,0,inf,1.0,0.0,2.25,1.77
cuprite_Cuprite_S1_F224,224,250,190,10640000,16,sample_adaptive,2,2.6637,6.0067,2,93.6,1.0,0.000204,2.05,1.99
cuprite_Cuprite_S1_F224,224,250,190,10640000,16,sample_adaptive,4,3.0834,5.1891,4,88.351,0.999999,0.000372,2.11,1.82
cuprite_Cuprite_S1_F224,224,250,190,10640000,16,sample_adaptive,8,3.6864,4.3403,8,82.805,0.999995,0.000706,2.04,1.73
cuprite_Cuprite_S1_F224,224,250,190,10640000,16,sample_adaptive,16,4.5392,3.5249,16,77.014,0.99998,0.001373,1.92,1.67
cuprite_Cuprite_S1_F224,224,250,190,10640000,16,sample_adaptive,32,5.6211,2.8464,32,71.239,0.999924,0.002672,2.0,1.67
cuprite_Cuprite_S1_F224,224,250,190,10640000,16,sample_adaptive,64,6.7792,2.3602,64,65.522,0.999715,0.005152,1.95,1.71
cuprite_Cuprite_S1_F224,224,250,190,10640000,16,hybrid,0,1.9342,8.2723,0,inf,1.0,0.0,2.57,2.16
cuprite_Cuprite_S1_F224,224,250,190,10640000,16,hybrid,2,2.6731,5.9855,2,93.6,1.0,0.000204,2.42,2.12
cuprite_Cuprite_S1_F224,224,250,190,10640000,16,hybrid,4,3.0992,5.1627,4,88.351,0.999999,0.000372,2.63,2.2
cuprite_Cuprite_S1_F224,224,250,190,10640000,16,hybrid,8,3.7287,4.291,8,82.805,0.999995,0.000706,2.55,2.1
cuprite_Cuprite_S1_F224,224,250,190,10640000,16,hybrid,16,4.6332,3.4533,16,77.014,0.99998,0.001373,2.6,2.12
cuprite_Cuprite_S1_F224,224,250,190,10640000,16,hybrid,32,5.8913,2.7159,32,71.239,0.999924,0.002672,2.61,2.1
cuprite_Cuprite_S1_F224,224,250,190,10640000,16,hybrid,64,7.6046,2.104,64,65.522,0.999715,0.005152,2.71,2.18
cuprite_Cuprite_S1_F224,224,250,190,10640000,16,block_adaptive,0,1.9404,8.2457,0,inf,1.0,0.0,11.52,3.0
cuprite_Cuprite_S1_F224,224,250,190,10640000,16,block_adaptive,2,2.6822,5.9652,2,93.6,1.0,0.000204,2.48,1.99
cuprite_Cuprite_S1_F224,224,250,190,10640000,16,block_adaptive,4,3.1074,5.1489,4,88.351,0.999999,0.000372,2.29,1.95
cuprite_Cuprite_S1_F224,224,250,190,10640000,16,block_adaptive,8,3.7195,4.3017,8,82.805,0.999995,0.000706,2.19,1.87
cuprite_Cuprite_S1_F224,224,250,190,10640000,16,block_adaptive,16,4.5774,3.4954,16,77.014,0.99998,0.001373,2.25,1.89
cuprite_Cuprite_S1_F224,224,250,190,10640000,16,block_adaptive,32,5.7046,2.8048,32,71.239,0.999924,0.002672,2.04,1.71
cuprite_Cuprite_S1_F224,224,250,190,10640000,16,block_adaptive,64,7.1452,2.2393,64,65.522,0.999715,0.005152,2.14,1.7
cuprite_Cuprite_S1_R188,188,250,190,8930000,16,sample_adaptive,0,2.1289,7.5156,0,inf,1.0,0.0,2.13,1.73
cuprite_Cuprite_S1_R188,188,250,190,8930000,16,sample_adaptive,2,3.0716,5.2089,2,93.319,1.0,0.00037,1.83,1.51
cuprite_Cuprite_S1_R188,188,250,190,8930000,16,sample_adaptive,4,3.6476,4.3865,4,88.09,0.999999,0.000676,1.7,1.46
cuprite_Cuprite_S1_R188,188,250,190,8930000,16,sample_adaptive,8,4.5244,3.5364,8,82.529,0.999995,0.001282,1.64,1.57
cuprite_Cuprite_S1_R188,188,250,190,8930000,16,sample_adaptive,16,5.865,2.7281,16,76.769,0.99998,0.002488,1.6,1.42
cuprite_Cuprite_S1_R188,188,250,190,8930000,16,sample_adaptive,32,7.6407,2.0941,32,70.997,0.999925,0.004831,1.61,1.4
cuprite_Cuprite_S1_R188,188,250,190,8930000,16,sample_adaptive,64,9.4554,1.6922,64,65.326,0.999725,0.009253,1.56,1.28
cuprite_Cuprite_S1_R188,188,250,190,8930000,16,hybrid,0,2.1306,7.5098,0,inf,1.0,0.0,2.11,1.74
cuprite_Cuprite_S1_R188,188,250,190,8930000,16,hybrid,2,3.0805,5.1939,2,93.319,1.0,0.00037,2.26,1.97
cuprite_Cuprite_S1_R188,188,250,190,8930000,16,hybrid,4,3.6641,4.3667,4,88.09,0.999999,0.000676,2.26,1.95
cuprite_Cuprite_S1_R188,188,250,190,8930000,16,hybrid,8,4.5801,3.4933,8,82.529,0.999995,0.001282,2.25,1.82
cuprite_Cuprite_S1_R188,188,250,190,8930000,16,hybrid,16,6.0078,2.6632,16,76.769,0.99998,0.002488,2.0,1.69
cuprite_Cuprite_S1_R188,188,250,190,8930000,16,hybrid,32,8.171,1.9581,32,70.997,0.999925,0.004831,1.99,1.61
cuprite_Cuprite_S1_R188,188,250,190,8930000,16,hybrid,64,11.3706,1.4071,64,65.326,0.999725,0.009253,1.93,1.58
cuprite_Cuprite_S1_R188,188,250,190,8930000,16,block_adaptive,0,2.1383,7.4825,0,inf,1.0,0.0,11.09,2.64
cuprite_Cuprite_S1_R188,188,250,190,8930000,16,block_adaptive,2,3.0921,5.1745,2,93.319,1.0,0.00037,1.87,1.55
cuprite_Cuprite_S1_R188,188,250,190,8930000,16,block_adaptive,4,3.6765,4.352,4,88.09,0.999999,0.000676,1.88,1.57
cuprite_Cuprite_S1_R188,188,250,190,8930000,16,block_adaptive,8,4.5666,3.5037,8,82.529,0.999995,0.001282,1.76,1.57
cuprite_Cuprite_S1_R188,188,250,190,8930000,16,block_adaptive,16,5.9059,2.7091,16,76.769,0.99998,0.002488,1.66,1.46
cuprite_Cuprite_S1_R188,188,250,190,8930000,16,block_adaptive,32,7.7642,2.0607,32,70.997,0.999925,0.004831,1.71,1.38
cuprite_Cuprite_S1_R188,188,250,190,8930000,16,block_adaptive,64,10.2225,1.5652,64,65.326,0.999725,0.009253,1.65,1.38
houston2013,144,349,1905,95737680,16,sample_adaptive,0,1.8847,8.4896,0,inf,1.0,0.0,20.3,15.83
houston2013,144,349,1905,95737680,16,sample_adaptive,2,2.5766,6.2098,2,93.387,1.0,0.00031,20.27,16.66
houston2013,144,349,1905,95737680,16,sample_adaptive,4,2.9732,5.3815,4,88.159,0.999999,0.000567,19.81,16.6
houston2013,144,349,1905,95737680,16,sample_adaptive,8,3.559,4.4957,8,82.595,0.999996,0.001075,18.74,16.6
houston2013,144,349,1905,95737680,16,sample_adaptive,16,4.4439,3.6004,16,76.822,0.999985,0.00209,18.68,15.19
houston2013,144,349,1905,95737680,16,sample_adaptive,32,5.8184,2.7499,32,70.948,0.999943,0.0041,18.01,15.14
houston2013,144,349,1905,95737680,16,sample_adaptive,64,7.8612,2.0353,64,65.205,0.99979,0.007795,16.55,14.03
houston2013,144,349,1905,95737680,16,hybrid,0,1.8931,8.4517,0,inf,1.0,0.0,22.11,18.85
houston2013,144,349,1905,95737680,16,hybrid,2,2.5946,6.1667,2,93.387,1.0,0.00031,21.98,18.96
houston2013,144,349,1905,95737680,16,hybrid,4,2.9997,5.3338,4,88.159,0.999999,0.000567,21.78,18.89
houston2013,144,349,1905,95737680,16,hybrid,8,3.6005,4.4438,8,82.595,0.999996,0.001075,23.34,20.38
houston2013,144,349,1905,95737680,16,hybrid,16,4.4743,3.5759,16,76.822,0.999985,0.00209,21.96,18.78
houston2013,144,349,1905,95737680,16,hybrid,32,5.8566,2.732,32,70.948,0.999943,0.0041,22.2,18.71
houston2013,144,349,1905,95737680,16,hybrid,64,8.2736,1.9339,64,65.205,0.99979,0.007795,21.59,18.09
houston2013,144,349,1905,95737680,16,block_adaptive,0,1.8927,8.4537,0,inf,1.0,0.0,29.65,18.58
houston2013,144,349,1905,95737680,16,block_adaptive,2,2.5948,6.1663,2,93.387,1.0,0.00031,21.47,17.72
houston2013,144,349,1905,95737680,16,block_adaptive,4,2.9989,5.3353,4,88.159,0.999999,0.000567,22.03,17.96
houston2013,144,349,1905,95737680,16,block_adaptive,8,3.5974,4.4476,8,82.595,0.999996,0.001075,20.43,18.4
houston2013,144,349,1905,95737680,16,block_adaptive,16,4.5045,3.552,16,76.822,0.999985,0.00209,21.05,16.74
houston2013,144,349,1905,95737680,16,block_adaptive,32,5.9086,2.7079,32,70.948,0.999943,0.0041,19.22,16.36
houston2013,144,349,1905,95737680,16,block_adaptive,64,8.0679,1.9832,64,65.205,0.99979,0.007795,18.47,15.41
indian_pines,220,145,145,4625500,14,sample_adaptive,0,2.1707,6.4495,0,inf,1.0,0.0,0.95,0.88
indian_pines,220,145,145,4625500,14,sample_adaptive,2,3.351,4.1779,2,75.731,0.999978,0.000644,0.84,0.73
indian_pines,220,145,145,4625500,14,sample_adaptive,4,4.1421,3.3799,4,70.502,0.999927,0.001175,0.8,0.71
indian_pines,220,145,145,4625500,14,sample_adaptive,8,5.2345,2.6746,8,65.008,0.999743,0.002212,0.77,0.68
indian_pines,220,145,145,4625500,14,sample_adaptive,16,6.6704,2.0988,16,59.772,0.99917,0.004041,0.76,0.68
indian_pines,220,145,145,4625500,14,sample_adaptive,32,8.3882,1.669,32,54.563,0.997296,0.007346,0.76,0.66
indian_pines,220,145,145,4625500,14,sample_adaptive,64,10.2719,1.3629,64,49.074,0.989418,0.013778,0.76,0.66
indian_pines,220,145,145,4625500,14,hybrid,0,2.1712,6.4479,0,inf,1.0,0.0,1.15,0.86
indian_pines,220,145,145,4625500,14,hybrid,2,3.4067,4.1095,2,75.731,0.999978,0.000644,1.16,0.95
indian_pines,220,145,145,4625500,14,hybrid,4,4.223,3.3152,4,70.502,0.999927,0.001175,1.18,0.89
indian_pines,220,145,145,4625500,14,hybrid,8,5.5339,2.5298,8,65.008,0.999743,0.002212,1.14,0.86
indian_pines,220,145,145,4625500,14,hybrid,16,7.7927,1.7966,16,59.772,0.99917,0.004041,1.09,0.89
indian_pines,220,145,145,4625500,14,hybrid,32,11.4724,1.2203,32,54.563,0.997296,0.007346,1.05,0.78
indian_pines,220,145,145,4625500,14,hybrid,64,17.3674,0.8061,64,49.074,0.989418,0.013778,1.03,0.77
indian_pines,220,145,145,4625500,14,block_adaptive,0,2.1615,6.477,0,inf,1.0,0.0,10.08,2.01
indian_pines,220,145,145,4625500,14,block_adaptive,2,3.3334,4.1999,2,75.731,0.999978,0.000644,0.95,0.8
indian_pines,220,145,145,4625500,14,block_adaptive,4,4.1083,3.4078,4,70.502,0.999927,0.001175,0.9,0.77
indian_pines,220,145,145,4625500,14,block_adaptive,8,5.2718,2.6557,8,65.008,0.999743,0.002212,0.96,0.72
indian_pines,220,145,145,4625500,14,block_adaptive,16,7.184,1.9488,16,59.772,0.99917,0.004041,0.87,0.72
indian_pines,220,145,145,4625500,14,block_adaptive,32,10.1268,1.3825,32,54.563,0.997296,0.007346,0.82,0.69
indian_pines,220,145,145,4625500,14,block_adaptive,64,14.368,0.9744,64,49.074,0.989418,0.013778,0.83,0.66
jasper_ridge_jasperRidge2_F224,224,100,100,2240000,13,sample_adaptive,0,1.9572,6.6421,0,inf,1.0,0.0,0.37,0.31
jasper_ridge_jasperRidge2_F224,224,100,100,2240000,13,sample_adaptive,2,2.9517,4.4043,2,71.943,0.999962,0.002343,0.4,0.36
jasper_ridge_jasperRidge2_F224,224,100,100,2240000,13,sample_adaptive,4,3.5875,3.6237,4,66.708,0.999866,0.004278,0.36,0.33
jasper_ridge_jasperRidge2_F224,224,100,100,2240000,13,sample_adaptive,8,4.5461,2.8596,8,61.148,0.999492,0.008101,0.32,0.31
jasper_ridge_jasperRidge2_F224,224,100,100,2240000,13,sample_adaptive,16,5.9657,2.1791,16,55.508,0.998081,0.015198,0.31,0.3
jasper_ridge_jasperRidge2_F224,224,100,100,2240000,13,sample_adaptive,32,7.7907,1.6687,32,49.985,0.992965,0.02736,0.31,0.3
jasper_ridge_jasperRidge2_F224,224,100,100,2240000,13,sample_adaptive,64,9.5489,1.3614,64,44.544,0.976918,0.048364,0.31,0.28
jasper_ridge_jasperRidge2_F224,224,100,100,2240000,13,hybrid,0,1.9661,6.6122,0,inf,1.0,0.0,0.53,0.38
jasper_ridge_jasperRidge2_F224,224,100,100,2240000,13,hybrid,2,2.9781,4.3651,2,71.943,0.999962,0.002343,0.6,0.4
jasper_ridge_jasperRidge2_F224,224,100,100,2240000,13,hybrid,4,3.6232,3.5879,4,66.708,0.999866,0.004278,0.56,0.39
jasper_ridge_jasperRidge2_F224,224,100,100,2240000,13,hybrid,8,4.6512,2.795,8,61.148,0.999492,0.008101,0.59,0.4
jasper_ridge_jasperRidge2_F224,224,100,100,2240000,13,hybrid,16,6.3818,2.037,16,55.508,0.998081,0.015198,0.52,0.37
jasper_ridge_jasperRidge2_F224,224,100,100,2240000,13,hybrid,32,9.3184,1.3951,32,49.985,0.992965,0.02736,0.53,0.37
jasper_ridge_jasperRidge2_F224,224,100,100,2240000,13,hybrid,64,14.0674,0.9241,64,44.544,0.976918,0.048364,0.51,0.35
jasper_ridge_jasperRidge2_F224,224,100,100,2240000,13,block_adaptive,0,1.9566,6.6443,0,inf,1.0,0.0,9.63,1.48
jasper_ridge_jasperRidge2_F224,224,100,100,2240000,13,block_adaptive,2,2.9483,4.4093,2,71.943,0.999962,0.002343,0.45,0.36
jasper_ridge_jasperRidge2_F224,224,100,100,2240000,13,block_adaptive,4,3.5821,3.6291,4,66.708,0.999866,0.004278,0.43,0.37
jasper_ridge_jasperRidge2_F224,224,100,100,2240000,13,block_adaptive,8,4.5484,2.8582,8,61.148,0.999492,0.008101,0.42,0.39
jasper_ridge_jasperRidge2_F224,224,100,100,2240000,13,block_adaptive,16,6.0745,2.1401,16,55.508,0.998081,0.015198,0.4,0.36
jasper_ridge_jasperRidge2_F224,224,100,100,2240000,13,block_adaptive,32,8.3051,1.5653,32,49.985,0.992965,0.02736,0.42,0.33
jasper_ridge_jasperRidge2_F224,224,100,100,2240000,13,block_adaptive,64,11.4117,1.1392,64,44.544,0.976918,0.048364,0.38,0.31
jasper_ridge_jasperRidge2_R198,198,100,100,1980000,13,sample_adaptive,0,1.9025,6.8332,0,inf,1.0,0.0,0.37,0.3
jasper_ridge_jasperRidge2_R198,198,100,100,1980000,13,sample_adaptive,2,2.865,4.5375,2,71.702,0.999968,0.00229,0.31,0.31
jasper_ridge_jasperRidge2_R198,198,100,100,1980000,13,sample_adaptive,4,3.4843,3.7311,4,66.469,0.999894,0.004183,0.3,0.29
jasper_ridge_jasperRidge2_R198,198,100,100,1980000,13,sample_adaptive,8,4.4266,2.9368,8,60.92,0.999622,0.007906,0.28,0.27
jasper_ridge_jasperRidge2_R198,198,100,100,1980000,13,sample_adaptive,16,5.8448,2.2242,16,55.31,0.998678,0.014763,0.28,0.26
jasper_ridge_jasperRidge2_R198,198,100,100,1980000,13,sample_adaptive,32,7.7001,1.6883,32,49.819,0.99572,0.026344,0.29,0.28
jasper_ridge_jasperRidge2_R198,198,100,100,1980000,13,sample_adaptive,64,9.4818,1.371,64,44.416,0.986673,0.045703,0.28,0.25
jasper_ridge_jasperRidge2_R198,198,100,100,1980000,13,hybrid,0,1.9058,6.8213,0,inf,1.0,0.0,0.5,0.32
jasper_ridge_jasperRidge2_R198,198,100,100,1980000,13,hybrid,2,2.8862,4.5042,2,71.702,0.999968,0.00229,0.59,0.38
jasper_ridge_jasperRidge2_R198,198,100,100,1980000,13,hybrid,4,3.506,3.708,4,66.469,0.999894,0.004183,0.51,0.34
jasper_ridge_jasperRidge2_R198,198,100,100,1980000,13,hybrid,8,4.4906,2.8949,8,60.92,0.999622,0.007906,0.54,0.34
jasper_ridge_jasperRidge2_R198,198,100,100,1980000,13,hybrid,16,6.1652,2.1086,16,55.31,0.998678,0.014763,0.48,0.32
jasper_ridge_jasperRidge2_R198,198,100,100,1980000,13,hybrid,32,9.0077,1.4432,32,49.819,0.99572,0.026344,0.49,0.31
jasper_ridge_jasperRidge2_R198,198,100,100,1980000,13,hybrid,64,13.5935,0.9563,64,44.416,0.986673,0.045703,0.46,0.3
jasper_ridge_jasperRidge2_R198,198,100,100,1980000,13,block_adaptive,0,1.8968,6.8535,0,inf,1.0,0.0,9.35,1.42
jasper_ridge_jasperRidge2_R198,198,100,100,1980000,13,block_adaptive,2,2.8522,4.5579,2,71.702,0.999968,0.00229,0.41,0.34
jasper_ridge_jasperRidge2_R198,198,100,100,1980000,13,block_adaptive,4,3.4645,3.7523,4,66.469,0.999894,0.004183,0.37,0.32
jasper_ridge_jasperRidge2_R198,198,100,100,1980000,13,block_adaptive,8,4.403,2.9525,8,60.92,0.999622,0.007906,0.39,0.31
jasper_ridge_jasperRidge2_R198,198,100,100,1980000,13,block_adaptive,16,5.8974,2.2044,16,55.31,0.998678,0.014763,0.31,0.27
jasper_ridge_jasperRidge2_R198,198,100,100,1980000,13,block_adaptive,32,8.0851,1.6079,32,49.819,0.99572,0.026344,0.3,0.25
jasper_ridge_jasperRidge2_R198,198,100,100,1980000,13,block_adaptive,64,11.1472,1.1662,64,44.416,0.986673,0.045703,0.26,0.22
ksc,176,512,614,55328768,16,sample_adaptive,0,3.2543,4.9166,0,inf,1.0,0.0,9.98,7.9
ksc,176,512,614,55328768,16,sample_adaptive,2,4.9312,3.2447,2,93.549,0.999999,0.021994,10.33,8.62
ksc,176,512,614,55328768,16,sample_adaptive,4,5.6792,2.8173,4,88.776,0.999998,0.036736,10.01,8.25
ksc,176,512,614,55328768,16,sample_adaptive,8,6.5415,2.4459,8,83.887,0.999992,0.060118,10.58,8.48
ksc,176,512,614,55328768,16,sample_adaptive,16,7.4997,2.1334,16,78.621,0.999965,0.10737,10.19,8.08
ksc,176,512,614,55328768,16,sample_adaptive,32,8.5453,1.8724,32,73.183,0.999831,0.194529,10.82,8.82
ksc,176,512,614,55328768,16,sample_adaptive,64,9.6662,1.6553,64,67.887,0.999299,0.287444,11.6,9.58
ksc,176,512,614,55328768,16,hybrid,0,3.2691,4.8943,0,inf,1.0,0.0,13.78,10.53
ksc,176,512,614,55328768,16,hybrid,2,5.2771,3.032,2,93.549,0.999999,0.021994,13.18,10.89
ksc,176,512,614,55328768,16,hybrid,4,6.4479,2.4814,4,88.776,0.999998,0.036736,12.66,10.19
ksc,176,512,614,55328768,16,hybrid,8,8.0089,1.9978,8,83.887,0.999992,0.060118,13.0,10.11
ksc,176,512,614,55328768,16,hybrid,16,9.9851,1.6024,16,78.621,0.999965,0.10737,12.4,10.56
ksc,176,512,614,55328768,16,hybrid,32,12.6114,1.2687,32,73.183,0.999831,0.194529,12.22,10.09
ksc,176,512,614,55328768,16,hybrid,64,16.0776,0.9952,64,67.887,0.999299,0.287444,12.1,9.64
ksc,176,512,614,55328768,16,block_adaptive,0,3.5187,4.5471,0,inf,1.0,0.0,20.25,9.91
ksc,176,512,614,55328768,16,block_adaptive,2,5.7352,2.7898,2,93.549,0.999999,0.021994,9.94,8.48
ksc,176,512,614,55328768,16,block_adaptive,4,6.9137,2.3143,4,88.776,0.999998,0.036736,12.2,8.86
ksc,176,512,614,55328768,16,block_adaptive,8,8.5296,1.8758,8,83.887,0.999992,0.060118,10.81,7.93
ksc,176,512,614,55328768,16,block_adaptive,16,10.5113,1.5222,16,78.621,0.999965,0.10737,12.41,9.13
ksc,176,512,614,55328768,16,block_adaptive,32,13.1586,1.2159,32,73.183,0.999831,0.194529,9.59,7.83
ksc,176,512,614,55328768,16,block_adaptive,64,16.7895,0.953,64,67.887,0.999299,0.287444,11.13,8.23
pavia_centre,102,1096,715,79931280,13,sample_adaptive,0,1.7841,7.2868,0,inf,1.0,0.0,16.18,13.55
pavia_centre,102,1096,715,79931280,13,sample_adaptive,2,2.6021,4.9959,2,75.061,0.999986,0.001943,17.24,14.89
pavia_centre,102,1096,715,79931280,13,sample_adaptive,4,3.0983,4.1959,4,69.833,0.999954,0.003547,16.11,14.06
pavia_centre,102,1096,715,79931280,13,sample_adaptive,8,3.8481,3.3783,8,64.269,0.999836,0.00673,14.03,12.28
pavia_centre,102,1096,715,79931280,13,sample_adaptive,16,5.0066,2.5966,16,58.504,0.999382,0.013046,13.45,11.62
pavia_centre,102,1096,715,79931280,13,sample_adaptive,32,6.7733,1.9193,32,52.751,0.997732,0.024887,13.37,11.29
pavia_centre,102,1096,715,79931280,13,sample_adaptive,64,8.8034,1.4767,64,47.287,0.992523,0.044558,15.18,12.3
pavia_centre,102,1096,715,79931280,13,hybrid,0,1.7898,7.2633,0,inf,1.0,0.0,17.64,15.12
pavia_centre,102,1096,715,79931280,13,hybrid,2,2.6171,4.9673,2,75.061,0.999986,0.001943,18.01,15.8
pavia_centre,102,1096,715,79931280,13,hybrid,4,3.1103,4.1796,4,69.833,0.999954,0.003547,17.54,15.54
pavia_centre,102,1096,715,79931280,13,hybrid,8,3.8294,3.3948,8,64.269,0.999836,0.00673,18.06,15.39
pavia_centre,102,1096,715,79931280,13,hybrid,16,5.0378,2.5805,16,58.504,0.999382,0.013046,17.73,15.38
pavia_centre,102,1096,715,79931280,13,hybrid,32,7.1195,1.826,32,52.751,0.997732,0.024887,16.93,14.27
pavia_centre,102,1096,715,79931280,13,hybrid,64,10.7045,1.2144,64,47.287,0.992523,0.044558,16.6,13.9
pavia_centre,102,1096,715,79931280,13,block_adaptive,0,1.7855,7.281,0,inf,1.0,0.0,25.23,15.97
pavia_centre,102,1096,715,79931280,13,block_adaptive,2,2.6082,4.9842,2,75.061,0.999986,0.001943,16.39,15.74
pavia_centre,102,1096,715,79931280,13,block_adaptive,4,3.1067,4.1844,4,69.833,0.999954,0.003547,15.54,11.99
pavia_centre,102,1096,715,79931280,13,block_adaptive,8,3.8566,3.3708,8,64.269,0.999836,0.00673,15.01,12.2
pavia_centre,102,1096,715,79931280,13,block_adaptive,16,4.9989,2.6006,16,58.504,0.999382,0.013046,16.53,13.48
pavia_centre,102,1096,715,79931280,13,block_adaptive,32,6.7506,1.9258,32,52.751,0.997732,0.024887,14.73,14.18
pavia_centre,102,1096,715,79931280,13,block_adaptive,64,9.2919,1.3991,64,47.287,0.992523,0.044558,15.27,12.03
pavia_university,103,610,340,21362200,13,sample_adaptive,0,1.7618,7.3789,0,inf,1.0,0.0,4.3,3.39
pavia_university,103,610,340,21362200,13,sample_adaptive,2,2.5555,5.0871,2,75.051,0.999986,0.001086,4.06,3.39
pavia_university,103,610,340,21362200,13,sample_adaptive,4,3.0362,4.2817,4,69.823,0.999955,0.001982,3.92,3.31
pavia_university,103,610,340,21362200,13,sample_adaptive,8,3.7577,3.4596,8,64.26,0.999837,0.00376,3.97,3.57
pavia_university,103,610,340,21362200,13,sample_adaptive,16,4.8688,2.6701,16,58.491,0.999387,0.007303,4.38,3.63
pavia_university,103,610,340,21362200,13,sample_adaptive,32,6.5619,1.9811,32,52.696,0.997708,0.014208,4.13,3.65
pavia_university,103,610,340,21362200,13,sample_adaptive,64,8.5975,1.5121,64,47.16,0.992271,0.026717,4.21,3.32
pavia_university,103,610,340,21362200,13,hybrid,0,1.7682,7.3522,0,inf,1.0,0.0,4.85,4.34
pavia_university,103,610,340,21362200,13,hybrid,2,2.5736,5.0513,2,75.051,0.999986,0.001086,5.29,4.68
pavia_university,103,610,340,21362200,13,hybrid,4,3.0524,4.2589,4,69.823,0.999955,0.001982,5.03,4.33
pavia_university,103,610,340,21362200,13,hybrid,8,3.7387,3.4771,8,64.26,0.999837,0.00376,5.37,4.49
pavia_university,103,610,340,21362200,13,hybrid,16,4.8632,2.6731,16,58.491,0.999387,0.007303,5.3,4.18
pavia_university,103,610,340,21362200,13,hybrid,32,6.8174,1.9069,32,52.696,0.997708,0.014208,4.93,4.34
pavia_university,103,610,340,21362200,13,hybrid,64,10.1604,1.2795,64,47.16,0.992271,0.026717,4.95,4.27
pavia_university,103,610,340,21362200,13,block_adaptive,0,1.7654,7.3638,0,inf,1.0,0.0,14.08,4.62
pavia_university,103,610,340,21362200,13,block_adaptive,2,2.5675,5.0632,2,75.051,0.999986,0.001086,4.29,3.71
pavia_university,103,610,340,21362200,13,block_adaptive,4,3.0529,4.2583,4,69.823,0.999955,0.001982,4.27,3.72
pavia_university,103,610,340,21362200,13,block_adaptive,8,3.7802,3.439,8,64.26,0.999837,0.00376,4.2,3.64
pavia_university,103,610,340,21362200,13,block_adaptive,16,4.8846,2.6614,16,58.491,0.999387,0.007303,4.23,3.35
pavia_university,103,610,340,21362200,13,block_adaptive,32,6.537,1.9887,32,52.696,0.997708,0.014208,3.92,3.22
pavia_university,103,610,340,21362200,13,block_adaptive,64,8.9322,1.4554,64,47.16,0.992271,0.026717,4.19,3.17
salinas,204,512,217,22665216,14,sample_adaptive,0,2.8557,4.9025,0,inf,1.0,0.0,4.35,3.36
salinas,204,512,217,22665216,14,sample_adaptive,2,5.171,2.7074,2,76.286,0.999977,0.000936,4.02,3.43
salinas,204,512,217,22665216,14,sample_adaptive,4,6.6976,2.0903,4,71.172,0.999926,0.001687,3.91,3.38
salinas,204,512,217,22665216,14,sample_adaptive,8,8.7969,1.5915,8,66.215,0.999772,0.00298,4.09,3.43
salinas,204,512,217,22665216,14,sample_adaptive,16,10.9031,1.284,16,61.336,0.999304,0.005189,4.08,3.36
salinas,204,512,217,22665216,14,sample_adaptive,32,12.3896,1.13,32,56.248,0.997749,0.009188,4.07,3.3
salinas,204,512,217,22665216,14,sample_adaptive,64,13.2044,1.0603,64,50.912,0.99263,0.01655,3.98,3.16
salinas,204,512,217,22665216,14,hybrid,0,2.8596,4.8957,0,inf,1.0,0.0,5.14,4.43
salinas,204,512,217,22665216,14,hybrid,2,5.277,2.653,2,76.286,0.999977,0.000936,5.67,4.87
salinas,204,512,217,22665216,14,hybrid,4,7.2293,1.9366,4,71.172,0.999926,0.001687,5.4,4.52
salinas,204,512,217,22665216,14,hybrid,8,11.2757,1.2416,8,66.215,0.999772,0.00298,5.36,4.2
salinas,204,512,217,22665216,14,hybrid,16,18.8887,0.7412,16,61.336,0.999304,0.005189,5.17,3.95
salinas,204,512,217,22665216,14,hybrid,32,32.0953,0.4362,32,56.248,0.997749,0.009188,4.76,3.85
salinas,204,512,217,22665216,14,hybrid,64,54.102,0.2588,64,50.912,0.99263,0.01655,4.76,3.85
salinas,204,512,217,22665216,14,block_adaptive,0,2.8391,4.9311,0,inf,1.0,0.0,14.11,5.41
salinas,204,512,217,22665216,14,block_adaptive,2,5.1184,2.7352,2,76.286,0.999977,0.000936,4.59,4.18
salinas,204,512,217,22665216,14,block_adaptive,4,6.7767,2.0659,4,71.172,0.999926,0.001687,4.55,3.72
salinas,204,512,217,22665216,14,block_adaptive,8,9.7334,1.4384,8,66.215,0.999772,0.00298,4.43,3.56
salinas,204,512,217,22665216,14,block_adaptive,16,14.3595,0.975,16,61.336,0.999304,0.005189,4.47,3.49
salinas,204,512,217,22665216,14,block_adaptive,32,21.0178,0.6661,32,56.248,0.997749,0.009188,4.34,3.48
salinas,204,512,217,22665216,14,block_adaptive,64,29.8959,0.4683,64,50.912,0.99263,0.01655,4.26,3.35
urban_urban_f210,210,307,307,19792290,10,sample_adaptive,0,1.87,5.3477,0,inf,1.0,0.0,3.84,3.17
urban_urban_f210,210,307,307,19792290,10,sample_adaptive,2,3.081,3.2457,2,57.146,0.999362,0.007577,3.66,3.16
urban_urban_f210,210,307,307,19792290,10,sample_adaptive,4,3.8065,2.6271,4,52.085,0.998061,0.013539,3.86,3.34
urban_urban_f210,210,307,307,19792290,10,sample_adaptive,8,4.781,2.0916,8,46.788,0.993889,0.024822,3.91,3.29
urban_urban_f210,210,307,307,19792290,10,sample_adaptive,16,5.9097,1.6921,16,41.356,0.980652,0.046107,3.64,2.94
urban_urban_f210,210,307,307,19792290,10,sample_adaptive,32,7.061,1.4162,32,35.859,0.942271,0.085981,3.58,2.85
urban_urban_f210,210,307,307,19792290,10,sample_adaptive,64,8.094,1.2355,64,30.259,0.83851,0.161286,3.69,3.05
urban_urban_f210,210,307,307,19792290,10,hybrid,0,1.868,5.3534,0,inf,1.0,0.0,4.19,3.5
urban_urban_f210,210,307,307,19792290,10,hybrid,2,3.0863,3.2401,2,57.146,0.999362,0.007577,4.46,3.74
urban_urban_f210,210,307,307,19792290,10,hybrid,4,3.9282,2.5457,4,52.085,0.998061,0.013539,4.46,3.8
urban_urban_f210,210,307,307,19792290,10,hybrid,8,5.2399,1.9084,8,46.788,0.993889,0.024822,4.46,3.79
urban_urban_f210,210,307,307,19792290,10,hybrid,16,7.258,1.3778,16,41.356,0.980652,0.046107,4.43,3.61
urban_urban_f210,210,307,307,19792290,10,hybrid,32,10.3944,0.9621,32,35.859,0.942271,0.085981,4.38,3.57
urban_urban_f210,210,307,307,19792290,10,hybrid,64,14.9271,0.6699,64,30.259,0.83851,0.161286,4.41,3.66
urban_urban_f210,210,307,307,19792290,10,block_adaptive,0,1.8763,5.3296,0,inf,1.0,0.0,13.39,4.18
urban_urban_f210,210,307,307,19792290,10,block_adaptive,2,3.0862,3.2402,2,57.146,0.999362,0.007577,4.03,3.43
urban_urban_f210,210,307,307,19792290,10,block_adaptive,4,3.8251,2.6143,4,52.085,0.998061,0.013539,4.14,3.35
urban_urban_f210,210,307,307,19792290,10,block_adaptive,8,4.892,2.0442,8,46.788,0.993889,0.024822,3.91,3.22
urban_urban_f210,210,307,307,19792290,10,block_adaptive,16,6.362,1.5718,16,41.356,0.980652,0.046107,3.79,3.08
urban_urban_f210,210,307,307,19792290,10,block_adaptive,32,8.3918,1.1916,32,35.859,0.942271,0.085981,3.71,2.99
urban_urban_f210,210,307,307,19792290,10,block_adaptive,64,10.9791,0.9108,64,30.259,0.83851,0.161286,3.65,3.25
urban_urban_r162,162,307,307,15268338,10,sample_adaptive,0,2.1847,4.5773,0,inf,1.0,0.0,2.99,2.42
urban_urban_r162,162,307,307,15268338,10,sample_adaptive,2,3.9272,2.5464,2,57.145,0.99931,0.009135,2.83,2.46
urban_urban_r162,162,307,307,15268338,10,sample_adaptive,4,5.0099,1.996,4,52.159,0.997962,0.016167,2.95,2.64
urban_urban_r162,162,307,307,15268338,10,sample_adaptive,8,6.3683,1.5703,8,46.968,0.99385,0.029175,2.79,2.49
urban_urban_r162,162,307,307,15268338,10,sample_adaptive,16,7.6119,1.3137,16,41.657,0.981542,0.052888,2.94,2.44
urban_urban_r162,162,307,307,15268338,10,sample_adaptive,32,8.4899,1.1779,32,36.277,0.946689,0.095422,2.86,2.32
urban_urban_r162,162,307,307,15268338,10,sample_adaptive,64,9.0458,1.1055,64,30.842,0.857336,0.168962,3.33,2.6
urban_urban_r162,162,307,307,15268338,10,hybrid,0,2.1825,4.582,0,inf,1.0,0.0,3.65,3.16
urban_urban_r162,162,307,307,15268338,10,hybrid,2,3.9292,2.5451,2,57.145,0.99931,0.009135,3.83,3.31
urban_urban_r162,162,307,307,15268338,10,hybrid,4,5.278,1.8946,4,52.159,0.997962,0.016167,3.91,3.3
urban_urban_r162,162,307,307,15268338,10,hybrid,8,7.4754,1.3377,8,46.968,0.99385,0.029175,4.09,3.45
urban_urban_r162,162,307,307,15268338,10,hybrid,16,10.9136,0.9163,16,41.657,0.981542,0.052888,4.59,3.49
urban_urban_r162,162,307,307,15268338,10,hybrid,32,16.1499,0.6192,32,36.277,0.946689,0.095422,3.45,2.73
urban_urban_r162,162,307,307,15268338,10,hybrid,64,23.4666,0.4261,64,30.842,0.857336,0.168962,3.4,2.72
urban_urban_r162,162,307,307,15268338,10,block_adaptive,0,2.2034,4.5383,0,inf,1.0,0.0,12.26,3.57
urban_urban_r162,162,307,307,15268338,10,block_adaptive,2,3.9609,2.5247,2,57.145,0.99931,0.009135,3.21,2.74
urban_urban_r162,162,307,307,15268338,10,block_adaptive,4,5.0894,1.9649,4,52.159,0.997962,0.016167,3.01,2.52
urban_urban_r162,162,307,307,15268338,10,block_adaptive,8,6.7,1.4925,8,46.968,0.99385,0.029175,2.99,2.41
urban_urban_r162,162,307,307,15268338,10,block_adaptive,16,8.7958,1.1369,16,41.657,0.981542,0.052888,2.95,2.33
urban_urban_r162,162,307,307,15268338,10,block_adaptive,32,11.4249,0.8753,32,36.277,0.946689,0.095422,2.87,2.27
urban_urban_r162,162,307,307,15268338,10,block_adaptive,64,14.4926,0.69,64,30.842,0.857336,0.168962,3.06,2.22
washington_dc_mall,191,1280,307,75055360,16,sample_adaptive,0,3.7424,4.2753,0,inf,1.0,0.0,13.75,10.62
washington_dc_mall,191,1280,307,75055360,16,sample_adaptive,2,5.1693,3.0952,2,93.687,1.0,3.5e-05,14.11,11.6
washington_dc_mall,191,1280,307,75055360,16,sample_adaptive,4,5.9733,2.6786,4,88.635,0.999999,6.2e-05,13.67,11.53
washington_dc_mall,191,1280,307,75055360,16,sample_adaptive,8,7.1253,2.2455,8,83.441,0.999996,0.000115,14.56,12.17
washington_dc_mall,191,1280,307,75055360,16,sample_adaptive,16,8.7441,1.8298,16,78.115,0.999987,0.000215,13.62,11.12
washington_dc_mall,191,1280,307,75055360,16,sample_adaptive,32,10.8106,1.48,32,72.392,0.999952,0.000431,13.58,11.24
washington_dc_mall,191,1280,307,75055360,16,sample_adaptive,64,12.7613,1.2538,64,66.814,0.999839,0.000836,13.52,10.97
washington_dc_mall,191,1280,307,75055360,16,hybrid,0,4.2122,3.7985,0,inf,1.0,0.0,15.02,12.52
washington_dc_mall,191,1280,307,75055360,16,hybrid,2,6.0901,2.6272,2,93.687,1.0,3.5e-05,16.81,13.94
washington_dc_mall,191,1280,307,75055360,16,hybrid,4,7.2289,2.2133,4,88.635,0.999999,6.2e-05,16.83,13.43
washington_dc_mall,191,1280,307,75055360,16,hybrid,8,8.9736,1.783,8,83.441,0.999996,0.000115,16.71,14.18
washington_dc_mall,191,1280,307,75055360,16,hybrid,16,11.8693,1.348,16,78.115,0.999987,0.000215,16.15,13.8
washington_dc_mall,191,1280,307,75055360,16,hybrid,32,16.5953,0.9641,32,72.392,0.999952,0.000431,16.91,13.33
washington_dc_mall,191,1280,307,75055360,16,hybrid,64,24.2285,0.6604,64,66.814,0.999839,0.000836,19.13,13.45
washington_dc_mall,191,1280,307,75055360,16,block_adaptive,0,4.2362,3.777,0,inf,1.0,0.0,22.81,12.3
washington_dc_mall,191,1280,307,75055360,16,block_adaptive,2,6.1517,2.6009,2,93.687,1.0,3.5e-05,14.08,11.72
washington_dc_mall,191,1280,307,75055360,16,block_adaptive,4,7.3078,2.1895,4,88.635,0.999999,6.2e-05,13.73,11.43
washington_dc_mall,191,1280,307,75055360,16,block_adaptive,8,9.0765,1.7628,8,83.441,0.999996,0.000115,15.46,11.97
washington_dc_mall,191,1280,307,75055360,16,block_adaptive,16,11.8611,1.349,16,78.115,0.999987,0.000215,12.66,11.11
washington_dc_mall,191,1280,307,75055360,16,block_adaptive,32,15.3578,1.0418,32,72.392,0.999952,0.000431,14.44,10.58
washington_dc_mall,191,1280,307,75055360,16,block_adaptive,64,20.2589,0.7898,64,66.814,0.999839,0.000836,15.87,11.74
